time_milli,total,unsolicited,schedule1,candidates,schedule2
510450,8,0,4,4,4
510889,8,4,4,4,4
514064,8,0,4,4,4
515867,8,0,4,4,4
517888,8,0,4,4,4
519891,8,0,4,4,4
522312,8,0,4,4,4
524401,8,0,4,4,4
524858,8,7,4,1,1
528490,8,0,4,4,4
530102,8,0,4,4,4
533033,8,0,4,4,4
533490,8,4,4,4,4
535876,8,0,4,4,4
536949,8,7,4,1,1
538662,8,0,4,4,4
543494,8,0,4,4,4
549097,8,0,4,4,4
550532,8,0,4,4,4
554693,8,0,4,4,4
555694,8,4,4,4,4
560290,8,0,4,4,4
561734,8,0,4,4,4
565895,8,0,4,4,4
567357,8,0,4,4,4
571491,8,0,4,4,4
572980,8,0,4,4,4
577096,8,0,4,4,4
578196,8,4,4,4,4
582693,8,0,4,4,4
588296,8,0,4,4,4
593890,8,0,4,4,4
595433,8,0,4,4,4
599495,8,0,4,4,4
599934,8,4,4,4,4
602220,8,0,4,4,4
603221,8,6,4,2,2
605521,8,0,4,4,4
606603,8,7,4,1,1
610696,8,0,4,4,4
612149,8,0,4,4,4
614308,8,0,4,4,4
616662,8,0,4,4,4
620296,8,0,4,4,4
621893,8,0,4,4,4
623519,8,5,4,3,2
626543,8,0,4,4,4
627562,8,6,4,2,2
629970,8,0,4,4,4
632104,8,6,4,2,2
635551,8,0,4,4,4
638347,8,0,4,4,4
639955,8,7,4,1,1
644684,8,0,4,4,4
646675,8,6,4,2,2
649265,8,0,4,4,4
650311,8,7,4,1,1
654147,8,0,4,4,4
654703,8,6,4,2,2
657608,8,0,4,4,4
660074,8,7,4,1,1
665737,8,0,4,4,4
668278,8,3,4,4,4
676788,8,0,4,4,4
680571,8,5,4,3,2
686211,8,0,4,4,4
688692,8,5,4,3,2
694690,8,0,4,4,4
695129,8,2,4,4,4
701044,8,0,4,4,4
703023,8,2,4,4,4
712851,8,0,4,4,4
720995,8,3,4,4,4
740258,8,0,4,4,4
761648,8,0,4,4,4
766293,8,0,4,4,4
768240,8,5,4,3,2
772949,8,0,4,4,4
773424,8,5,4,3,2
776483,8,0,4,4,4
778056,8,5,4,3,2
781399,8,0,4,4,4
783859,8,5,4,3,2
788068,8,0,4,4,4
789613,8,6,4,2,2
797908,8,0,4,4,4
801520,8,6,4,2,2
812480,8,0,4,4,4
812919,8,5,4,3,2
824066,8,0,4,4,4
825584,8,4,4,4,4
830224,8,0,4,4,4
833068,8,6,4,2,2
841763,8,0,4,4,4
848156,8,0,4,4,4
854465,8,0,4,4,4
855131,8,4,4,4,4
860104,8,0,4,4,4
860690,8,4,4,4,4
863253,8,0,4,4,4
866629,8,4,4,4,4
875573,8,0,4,4,4
880449,8,4,4,4,4
883637,8,0,4,4,4
885357,8,2,4,4,4
888104,8,0,4,4,4
890357,8,6,4,2,2
893733,8,0,4,4,4
894328,8,6,4,2,2
899152,8,0,4,4,4
900591,8,6,4,2,2
907598,8,0,4,4,4
908037,8,5,4,3,2
912826,8,0,4,4,4
913283,8,6,4,2,2
918839,8,0,4,4,4
919287,8,6,4,2,2
924662,8,0,4,4,4
926243,8,5,4,3,2
928756,8,0,4,4,4
929222,8,4,4,4,4
932190,8,0,4,4,4
934044,8,7,4,1,1
937601,8,0,4,4,4
938148,8,7,4,1,1
941660,8,0,4,4,4
945124,8,0,4,4,4
946577,8,0,4,4,4
950285,8,0,4,4,4
951304,8,5,4,3,2
953168,8,0,4,4,4
954477,8,7,4,1,1
957146,8,0,4,4,4
958366,8,0,4,4,4
958850,8,7,4,1,1
962326,8,0,4,4,4
962864,8,7,4,1,1
965770,8,0,4,4,4
968338,8,0,4,4,4
970504,8,0,4,4,4
972121,8,6,4,2,2
973985,8,0,4,4,4
976101,8,7,4,1,1
978243,8,0,4,4,4
979579,8,7,4,1,1
983288,8,0,4,4,4
984887,8,7,4,1,1
986939,8,0,4,4,4
989471,8,0,4,4,4
992307,8,0,4,4,4
993626,8,0,4,4,4
994083,8,6,4,2,2
997561,8,0,4,4,4
998535,8,7,4,1,1
1000860,8,0,4,4,4
1001335,8,7,4,1,1
1003809,8,0,4,4,4
1004248,8,7,4,1,1
1005692,8,0,4,4,4
1006131,8,6,4,2,2
1010079,8,0,4,4,4
1010590,8,6,4,2,2
1012881,8,0,4,4,4
1015858,8,6,4,2,2
1018873,8,0,4,4,4
1019919,8,7,4,1,1
1021454,8,0,4,4,4
1023878,8,0,4,4,4
1026266,8,0,4,4,4
1029361,8,0,4,4,4
1031192,8,0,4,4,4
1032818,8,7,4,1,1
1035532,8,0,4,4,4
1037457,8,0,4,4,4
1038557,8,6,4,2,2
1040414,8,0,4,4,4
1041415,8,7,4,1,1
1044246,8,0,4,4,4
1044694,8,7,4,1,1
1046920,8,0,4,4,4
1047386,8,7,4,1,1
1050727,8,0,4,4,4
1051737,8,7,4,1,1
1054017,8,0,4,4,4
1055000,8,7,4,1,1
1056786,8,0,4,4,4
1057686,8,7,4,1,1
1060327,8,0,4,4,4
1061364,8,5,4,3,2
1063693,8,0,4,4,4
1065510,8,7,4,1,1
1067264,8,0,4,4,4
1073380,8,0,4,4,4
1076456,8,7,4,1,1
1078607,8,0,4,4,4
1081400,8,0,4,4,4
1084152,8,6,4,2,2
1089349,8,0,4,4,4
1093079,8,5,4,3,2
1094742,8,0,4,4,4
1096614,8,6,4,2,2
1100043,8,0,4,4,4
1101407,8,6,4,2,2
1105582,8,0,4,4,4
1107127,8,6,4,2,2
1111503,8,0,4,4,4
1112660,8,6,4,2,2
1117606,8,0,4,4,4
1121109,8,4,4,4,4
1123950,8,0,4,4,4
1125251,8,6,4,2,2
1129827,8,0,4,4,4
1131613,8,0,4,4,4
1133903,8,0,4,4,4
1135033,8,0,4,4,4
1137368,8,0,4,4,4
1142166,8,0,4,4,4
1143569,8,6,4,2,2
1145063,8,0,4,4,4
1145538,8,7,4,1,1
1148617,8,0,4,4,4
1152890,8,5,4,3,2
1156393,8,0,4,4,4
1157403,8,5,4,3,2
1161754,8,0,4,4,4
1162773,8,6,4,2,2
1164760,8,0,4,4,4
1166712,8,5,4,3,2
1169015,8,0,4,4,4
1170016,8,7,4,1,1
1172729,8,0,4,4,4
1175439,8,0,4,4,4
1179294,8,0,4,4,4
1180884,8,7,4,1,1
1183615,8,0,4,4,4
1185813,8,0,4,4,4
1187185,8,0,4,4,4
1189029,8,6,4,2,2
1191067,8,0,4,4,4
1191632,8,7,4,1,1
1193345,8,0,4,4,4
1194436,8,7,4,1,1
1196962,8,0,4,4,4
1199273,8,0,4,4,4
1201756,8,0,4,4,4
1203328,8,7,4,1,1
1205163,8,0,4,4,4
1207686,8,0,4,4,4
1209302,8,0,4,4,4
1210321,8,6,4,2,2
1213106,8,0,4,4,4
1213545,8,7,4,1,1
1217386,8,0,4,4,4
1217852,8,6,4,2,2
1222539,8,0,4,4,4
1223023,8,7,4,1,1
1225928,8,0,4,4,4
1228008,8,7,4,1,1
1229867,8,0,4,4,4
1230979,8,7,4,1,1
1233980,8,0,4,4,4
1234473,8,6,4,2,2
1236805,8,0,4,4,4
1237543,8,6,4,2,2
1242324,8,0,4,4,4
1244714,8,4,4,4,4
1248616,8,0,4,4,4
1248792,8,5,4,3,2
1252619,8,0,4,4,4
1253567,8,6,4,2,2
1257231,8,0,4,4,4
1257706,8,6,4,2,2
1263457,8,0,4,4,4
1264494,8,6,4,2,2
1270302,8,0,4,4,4
1270544,8,4,4,4,4
1275642,8,0,4,4,4
1276126,8,4,4,4,4
1283576,8,0,4,4,4
1285448,8,4,4,4,4
1296571,8,0,4,4,4
1299222,8,3,4,4,4
1304740,8,0,4,4,4
1306984,8,3,4,4,4
1316824,8,0,4,4,4
1317317,8,4,4,4,4
1329411,8,0,4,4,4
1331875,8,3,4,4,4
1338001,8,0,4,4,4
1340470,8,4,4,4,4
1351335,8,0,4,4,4
1355140,8,4,4,4,4
1359252,8,0,4,4,4
1362358,8,5,4,3,2
1369577,8,0,4,4,4
1371131,8,3,4,4,4
1378744,8,0,4,4,4
1382921,8,2,4,4,4
1396270,8,0,4,4,4
1399500,8,4,4,4,4
1409869,8,0,4,4,4
1411976,8,5,4,3,2
1418601,8,0,4,4,4
1420409,8,5,4,3,2
1434278,8,0,4,4,4
1436412,8,3,4,4,4
1445623,8,0,4,4,4
1446334,8,2,4,4,4
1455843,8,0,4,4,4
1461898,8,3,4,4,4
1502847,8,0,4,4,4
1512141,8,1,4,4,4
1525167,8,0,4,4,4
1528294,8,0,4,4,4
1557143,8,0,4,4,4
1569095,8,0,4,4,4
1595257,8,0,4,4,4
1616386,8,0,4,4,4
1636738,8,0,4,4,4
1639036,8,0,4,4,4
1669417,8,0,4,4,4
1671099,8,1,4,4,4
1690321,8,0,4,4,4
1694754,8,1,4,4,4
1716372,8,0,4,4,4
1718505,8,1,4,4,4
1726656,8,0,4,4,4
1727738,8,2,4,4,4
1738452,8,0,4,4,4
1740320,8,4,4,4,4
1749527,8,0,4,4,4
1750564,8,2,4,4,4
1760274,8,0,4,4,4
1762722,8,5,4,3,2
1773126,8,0,4,4,4
1776127,8,5,4,3,2
1778381,8,0,4,4,4
1779744,8,3,4,4,4
1787200,8,0,4,4,4
1787675,8,2,4,4,4
1810666,8,0,4,4,4
1811114,8,1,4,4,4
1824149,8,0,4,4,4
1824705,8,2,4,4,4
1838507,8,0,4,4,4
1844878,8,0,4,4,4
1865531,8,0,4,4,4
1865997,8,3,4,4,4
1872298,8,0,4,4,4
1872959,8,3,4,4,4
1880679,8,0,4,4,4
1881444,8,3,4,4,4
1892813,8,0,4,4,4
1899058,8,1,4,4,4
1901510,8,0,4,4,4
1908775,8,3,4,4,4
1917014,8,0,4,4,4
1920835,8,0,4,4,4
1925156,8,0,4,4,4
1926502,8,2,4,4,4
1940242,8,0,4,4,4
1945338,8,4,4,4,4
1957822,8,0,4,4,4
1959050,8,0,4,4,4
1967273,8,0,4,4,4
1972256,8,0,4,4,4
1975092,8,0,4,4,4
1978753,8,2,4,4,4
1983918,8,0,4,4,4
1987074,8,4,4,4,4
1994528,8,0,4,4,4
1996371,8,5,4,3,2
2004647,8,0,4,4,4
2006339,8,2,4,4,4
2010743,8,0,4,4,4
2017161,8,3,4,4,4
2033928,8,0,4,4,4
2034412,8,3,4,4,4
2037959,8,0,4,4,4
2039840,8,5,4,3,2
2048910,8,0,4,4,4
2049594,8,6,4,2,2
2054891,8,0,4,4,4
2056754,8,3,4,4,4
2058319,8,0,4,4,4
2060731,8,3,4,4,4
2068648,8,0,4,4,4
2070228,8,5,4,3,2
2074494,8,0,4,4,4
2078190,8,5,4,3,2
2084733,8,0,4,4,4
2087411,8,3,4,4,4
2097107,8,0,4,4,4
2098670,8,6,4,2,2
2102380,8,0,4,4,4
2103417,8,7,4,1,1
2105832,8,0,4,4,4
2107368,8,7,4,1,1
2108312,8,0,4,4,4
2110937,8,0,4,4,4
2112808,8,0,4,4,4
2113274,8,5,4,3,2
2116253,8,0,4,4,4
2116591,8,7,4,1,1
2119019,8,0,4,4,4
2121153,8,6,4,2,2
2124689,8,0,4,4,4
2126805,8,7,4,1,1
2129602,8,0,4,4,4
2132226,8,0,4,4,4
2132674,8,6,4,2,2
2136175,8,0,4,4,4
2137565,8,2,4,4,4
2145378,8,0,4,4,4
2147431,8,4,4,4,4
2149805,8,0,4,4,4
2151256,8,5,4,3,2
2157440,8,0,4,4,4
2157888,8,6,4,2,2
2162686,8,0,4,4,4
2165030,8,6,4,2,2
2169490,8,0,4,4,4
2169947,8,2,4,4,4
2177089,8,0,4,4,4
2178144,8,3,4,4,4
2185589,8,0,4,4,4
2190477,8,6,4,2,2
2197392,8,0,4,4,4
2201187,8,2,4,4,4
2206710,8,0,4,4,4
2208318,8,3,4,4,4
2211992,8,0,4,4,4
2213609,8,5,4,3,2
2218638,8,0,4,4,4
2219487,8,6,4,2,2
2224794,8,0,4,4,4
2230900,8,3,4,4,4
2241724,8,0,4,4,4
2243296,8,2,4,4,4
2252042,8,0,4,4,4
2253952,8,5,4,3,2
2261108,8,0,4,4,4
2262265,8,2,4,4,4
2269587,8,0,4,4,4
2271132,8,3,4,4,4
2282610,8,0,4,4,4
2291868,8,1,4,4,4
2296555,8,0,4,4,4
2297030,8,4,4,4,4
2302281,8,0,4,4,4
2306203,8,4,4,4,4
2310933,8,0,4,4,4
2311952,8,5,4,3,2
2315898,8,0,4,4,4
2316825,8,2,4,4,4
2317796,8,0,4,4,4
2318235,8,4,4,4,4
2321623,8,0,4,4,4
2322062,8,6,4,2,2
2325798,8,0,4,4,4
2326237,8,5,4,3,2
2329194,8,0,4,4,4
2330802,8,4,4,4,4
2334735,8,0,4,4,4
2337187,8,6,4,2,2
2338075,8,0,4,4,4
2339674,8,6,4,2,2
2341988,8,0,4,4,4
2343596,8,7,4,1,1
2344829,8,0,4,4,4
2346370,8,0,4,4,4
2348759,8,7,4,1,1
2351425,8,0,4,4,4
2352480,8,7,4,1,1
2355564,8,0,4,4,4
2356030,8,5,4,3,2
2359336,8,0,4,4,4
2360944,8,5,4,3,2
2363324,8,0,4,4,4
2363826,8,6,4,2,2
2369395,8,0,4,4,4
2370821,8,5,4,3,2
2373146,8,0,4,4,4
2377728,8,4,4,4,4
2382114,8,0,4,4,4
2382607,8,5,4,3,2
2389701,8,0,4,4,4
2391237,8,6,4,2,2
2393812,8,0,4,4,4
2396294,8,1,4,4,4
2402933,8,0,4,4,4
2404072,8,3,4,4,4
2409935,8,0,4,4,4
2411281,8,6,4,2,2
2415799,8,0,4,4,4
2416791,8,6,4,2,2
2420976,8,0,4,4,4
2422494,8,5,4,3,2
2425472,8,0,4,4,4
2426237,8,6,4,2,2
2431518,8,0,4,4,4
2433192,8,4,4,4,4
2435300,8,0,4,4,4
2437118,8,3,4,4,4
2441472,8,0,4,4,4
2442518,8,3,4,4,4
2455167,8,0,4,4,4
2456186,8,4,4,4,4
2463377,8,0,4,4,4
2464705,8,4,4,4,4
2481178,8,0,4,4,4
2481617,8,4,4,4,4
2488050,8,0,4,4,4
2491462,8,3,4,4,4
2496336,8,0,4,4,4
2499598,8,3,4,4,4
2510500,8,0,4,4,4
2514300,8,2,4,4,4
2522424,8,0,4,4,4
2523861,8,2,4,4,4
2540984,8,0,4,4,4
2543405,8,4,4,4,4
2549880,8,0,4,4,4
2551461,8,3,4,4,4
2554472,8,0,4,4,4
2555500,8,3,4,4,4
2567497,8,0,4,4,4
2570819,8,4,4,4,4
2580265,8,0,4,4,4
2584749,8,3,4,4,4
2597832,8,0,4,4,4
2603914,8,2,4,4,4
2611411,8,0,4,4,4
2620858,8,0,4,4,4
2631523,8,0,4,4,4
2632671,8,2,4,4,4
2641960,8,0,4,4,4
2650642,8,2,4,4,4
2659133,8,0,4,4,4
2661624,8,1,4,4,4
2670868,8,0,4,4,4
2671543,8,2,4,4,4
2691790,8,0,4,4,4
2695576,8,1,4,4,4
2715219,8,0,4,4,4
2732845,8,0,4,4,4
2735791,8,0,4,4,4
2736257,8,1,4,4,4
2747721,8,0,4,4,4
2748788,8,2,4,4,4
2765782,8,0,4,4,4
2770639,8,2,4,4,4
2779118,8,0,4,4,4
2782497,8,3,4,4,4
2802718,8,0,4,4,4
2806252,8,0,4,4,4
2812557,8,0,4,4,4
2823722,8,3,4,4,4
2838067,8,0,4,4,4
2841346,8,3,4,4,4
2854893,8,0,4,4,4
2855368,8,2,4,4,4
2869255,8,0,4,4,4
2892299,8,0,4,4,4
2896921,8,0,4,4,4
2901452,8,2,4,4,4
2909061,8,0,4,4,4
2921814,8,2,4,4,4
2940781,8,0,4,4,4
2947484,8,3,4,4,4
2955045,8,0,4,4,4
2956046,8,3,4,4,4
2962563,8,0,4,4,4
2965072,8,5,4,3,2
2969551,8,0,4,4,4
2973699,8,5,4,3,2
2979350,8,0,4,4,4
2980405,8,2,4,4,4
2988421,8,0,4,4,4
2991027,8,2,4,4,4
3007343,8,0,4,4,4
3008726,8,4,4,4,4
3019373,8,0,4,4,4
3020764,8,4,4,4,4
3029683,8,0,4,4,4
3030412,8,5,4,3,2
3043750,8,0,4,4,4
3045941,8,3,4,4,4
3053264,8,0,4,4,4
3053703,8,3,4,4,4
3069811,8,0,4,4,4
3072872,8,2,4,4,4
3080098,8,0,4,4,4
3080938,8,4,4,4,4
3091102,8,0,4,4,4
3092961,8,4,4,4,4
3100207,8,0,4,4,4
3100673,8,3,4,4,4
3108583,8,0,4,4,4
3113617,8,3,4,4,4
3118695,8,0,4,4,4
3119134,8,4,4,4,4
3128806,8,0,4,4,4
3131272,8,5,4,3,2
3138482,8,0,4,4,4
3138984,8,4,4,4,4
3151884,8,0,4,4,4
3153242,8,2,4,4,4
3159140,8,0,4,4,4
3160805,8,3,4,4,4
3164644,8,0,4,4,4
3165636,8,3,4,4,4
3169406,8,0,4,4,4
3170716,8,2,4,4,4
3173396,8,0,4,4,4
3179814,8,2,4,4,4
3186974,8,0,4,4,4
3198518,8,4,4,4,4
3210070,8,0,4,4,4
3225771,8,0,4,4,4
3231784,8,0,4,4,4
3238926,8,2,4,4,4
3250759,8,0,4,4,4
3255573,8,0,4,4,4
3261022,8,0,4,4,4
3262584,8,2,4,4,4
3267737,8,0,4,4,4
3270269,8,2,4,4,4
3285508,8,0,4,4,4
3288174,8,2,4,4,4
3301612,8,0,4,4,4
3308493,8,3,4,4,4
3314645,8,0,4,4,4
3316018,8,3,4,4,4
3319813,8,0,4,4,4
3321765,8,3,4,4,4
3329252,8,0,4,4,4
3335334,8,1,4,4,4
3339624,8,0,4,4,4
3342013,8,6,4,2,2
3345374,8,0,4,4,4
3345885,8,6,4,2,2
3348024,8,0,4,4,4
3348320,8,7,4,1,1
3351042,8,0,4,4,4
3351481,8,7,4,1,1
3356216,8,0,4,4,4
3357797,8,6,4,2,2
3359715,8,0,4,4,4
3361251,8,6,4,2,2
3365254,8,0,4,4,4
3366773,8,5,4,3,2
3370535,8,0,4,4,4
3372209,8,6,4,2,2
3376659,8,0,4,4,4
3380068,8,6,4,2,2
3384530,8,0,4,4,4
3384987,8,6,4,2,2
3389233,8,0,4,4,4
3391450,8,5,4,3,2
3394229,8,0,4,4,4
3396619,8,5,4,3,2
3400232,8,0,4,4,4
3403201,8,4,4,4,4
3409672,8,0,4,4,4
3411743,8,6,4,2,2
3416724,8,0,4,4,4
3418822,8,7,4,1,1
3421822,8,0,4,4,4
3426749,8,5,4,3,2
3429563,8,0,4,4,4
3431099,8,7,4,1,1
3434761,8,0,4,4,4
3435789,8,6,4,2,2
3438359,8,0,4,4,4
3438825,8,6,4,2,2
3444453,8,0,4,4,4
3445499,8,6,4,2,2
3448715,8,0,4,4,4
3451820,8,4,4,4,4
3456363,8,0,4,4,4
3458721,8,0,4,4,4
3462054,8,0,4,4,4
3463783,8,0,4,4,4
3466929,8,0,4,4,4
3468693,8,0,4,4,4
3470363,8,0,4,4,4
3473956,8,0,4,4,4
3474458,8,4,4,4,4
3477902,8,0,4,4,4
3480327,8,0,4,4,4
3484392,8,0,4,4,4
3486021,8,0,4,4,4
3489329,8,0,4,4,4
3490920,8,0,4,4,4
3493887,8,0,4,4,4
3496419,8,0,4,4,4
3496948,8,4,4,4,4
3499358,8,0,4,4,4
3501194,8,7,4,1,1
3503589,8,0,4,4,4
3504082,8,7,4,1,1
3506331,8,0,4,4,4
3507858,8,7,4,1,1
3510691,8,0,4,4,4
3513178,8,0,4,4,4
3514193,8,0,4,4,4
3517350,8,0,4,4,4
3518477,8,0,4,4,4
3519550,8,5,4,3,2
3523109,8,0,4,4,4
3524173,8,7,4,1,1
3525681,8,0,4,4,4
3528548,8,0,4,4,4
3529376,8,7,4,1,1
3530893,8,0,4,4,4
3534122,8,0,4,4,4
3536160,8,0,4,4,4
3537879,8,0,4,4,4
3539957,8,0,4,4,4
3540396,8,6,4,2,2
3542145,8,0,4,4,4
3542593,8,7,4,1,1
3546958,8,0,4,4,4
3547469,8,6,4,2,2
3549755,8,0,4,4,4
3550592,8,7,4,1,1
3552150,8,0,4,4,4
3552670,8,7,4,1,1
3555677,8,0,4,4,4
3557005,8,7,4,1,1
3559566,8,0,4,4,4
3562723,8,0,4,4,4
3563171,8,7,4,1,1
3564537,8,0,4,4,4
3567758,8,0,4,4,4
3569455,8,0,4,4,4
3569894,8,6,4,2,2
3573737,8,0,4,4,4
3574803,8,0,4,4,4
3577965,8,0,4,4,4
3579501,8,7,4,1,1
3581080,8,0,4,4,4
3584846,8,0,4,4,4
3586245,8,7,4,1,1
3588968,8,0,4,4,4
3590550,8,0,4,4,4
3591569,8,6,4,2,2
3594259,8,0,4,4,4
3597486,8,0,4,4,4
3601815,8,0,4,4,4
3603378,8,7,4,1,1
3606140,8,0,4,4,4
3606579,8,7,4,1,1
3608463,8,0,4,4,4
3608929,8,7,4,1,1
3610884,8,0,4,4,4
3614066,8,0,4,4,4
3615920,8,5,4,3,2
3620637,8,0,4,4,4
3621947,8,5,4,3,2
3625065,8,0,4,4,4
3626084,8,4,4,4,4
3630059,8,0,4,4,4
3632181,8,3,4,4,4
3637053,8,0,4,4,4
3638045,8,3,4,4,4
3645247,8,0,4,4,4
3645806,8,6,4,2,2
3648803,8,0,4,4,4
3649795,8,4,4,4,4
3657133,8,0,4,4,4
3661866,8,3,4,4,4
3671624,8,0,4,4,4
3674302,8,5,4,3,2
3678784,8,0,4,4,4
3680647,8,6,4,2,2
3683603,8,0,4,4,4
3686309,8,0,4,4,4
3686923,8,6,4,2,2
3690128,8,0,4,4,4
3691402,8,6,4,2,2
3699416,8,0,4,4,4
3700988,8,6,4,2,2
3707638,8,0,4,4,4
3710833,8,3,4,4,4
3715711,8,0,4,4,4
3716704,8,5,4,3,2
3718253,8,0,4,4,4
3718692,8,6,4,2,2
3723238,8,0,4,4,4
3723803,8,6,4,2,2
3726452,8,0,4,4,4
3728099,8,7,4,1,1
3732125,8,0,4,4,4
3734108,8,5,4,3,2
3738354,8,0,4,4,4
3739917,8,5,4,3,2
3742775,8,0,4,4,4
3743295,8,6,4,2,2
3750195,8,0,4,4,4
3750617,8,6,4,2,2
3751937,8,0,4,4,4
3752376,8,7,4,1,1
3755698,8,0,4,4,4
3757169,8,6,4,2,2
3760866,8,0,4,4,4
3762447,8,7,4,1,1
3767064,8,0,4,4,4
3767521,8,7,4,1,1
3770208,8,0,4,4,4
3771272,8,7,4,1,1
3773177,8,0,4,4,4
3775048,8,6,4,2,2
3777483,8,0,4,4,4
3779010,8,6,4,2,2
3780776,8,0,4,4,4
3781362,8,6,4,2,2
3785095,8,0,4,4,4
3787804,8,0,4,4,4
3788333,8,7,4,1,1
3792254,8,0,4,4,4
3792711,8,7,4,1,1
3795352,8,0,4,4,4
3796117,8,5,4,3,2
3797902,8,0,4,4,4
3799130,8,7,4,1,1
3801945,8,0,4,4,4
3802973,8,7,4,1,1
3804919,8,0,4,4,4
3807071,8,6,4,2,2
3810491,8,0,4,4,4
3812580,8,7,4,1,1
3814869,8,0,4,4,4
3815924,8,7,4,1,1
3819381,8,0,4,4,4
3819922,8,4,4,4,4
3823326,8,0,4,4,4
3825107,8,5,4,3,2
3829868,8,0,4,4,4
3830842,8,5,4,3,2
3833361,8,0,4,4,4
3833809,8,5,4,3,2
3835865,8,0,4,4,4
3837093,8,5,4,3,2
3841644,8,0,4,4,4
3842908,8,6,4,2,2
3846993,8,0,4,4,4
3847432,8,7,4,1,1
3849865,8,0,4,4,4
3851464,8,7,4,1,1
3856612,8,0,4,4,4
3858710,8,5,4,3,2
3861572,8,0,4,4,4
3862029,8,5,4,3,2
3866368,8,0,4,4,4
3869965,8,3,4,4,4
3874038,8,0,4,4,4
3875141,8,5,4,3,2
3880393,8,0,4,4,4
3883650,8,6,4,2,2
3887849,8,0,4,4,4
3889676,8,7,4,1,1
3890640,8,0,4,4,4
3890825,8,7,4,1,1
3893236,8,0,4,4,4
3893792,8,4,4,4,4
3897237,8,0,4,4,4
3897703,8,6,4,2,2
3902679,8,0,4,4,4
3904278,8,6,4,2,2
3907789,8,0,4,4,4
3908291,8,7,4,1,1
3910478,8,0,4,4,4
3911497,8,7,4,1,1
3913841,8,0,4,4,4
3914971,8,0,4,4,4
3916035,8,5,4,3,2
3919873,8,0,4,4,4
3920330,8,6,4,2,2
3924879,8,0,4,4,4
3925867,8,0,4,4,4
3926369,8,6,4,2,2
3929238,8,0,4,4,4
3930864,8,6,4,2,2
3932755,8,0,4,4,4
3934327,8,7,4,1,1
3937278,8,0,4,4,4
3938904,8,7,4,1,1
3941228,8,0,4,4,4
3942328,8,7,4,1,1
3944177,8,0,4,4,4
3945664,8,0,4,4,4
3949022,8,0,4,4,4
3951268,8,0,4,4,4
3951707,8,6,4,2,2
3954580,8,0,4,4,4
3955184,8,5,4,3,2
3957140,8,0,4,4,4
3957579,8,6,4,2,2
3960793,8,0,4,4,4
3961259,8,5,4,3,2
3964661,8,0,4,4,4
3965689,8,4,4,4,4
3970141,8,0,4,4,4
3971187,8,5,4,3,2
3973004,8,0,4,4,4
3974558,8,5,4,3,2
3977308,8,0,4,4,4
3977756,8,7,4,1,1
3981478,8,0,4,4,4
3983612,8,5,4,3,2
3985328,8,0,4,4,4
3987417,8,6,4,2,2
3991103,8,0,4,4,4
3992693,8,6,4,2,2
3997991,8,0,4,4,4
3998448,8,6,4,2,2
4001454,8,0,4,4,4
4002999,8,5,4,3,2
4004783,8,0,4,4,4
4006400,8,4,4,4,4
4010642,8,0,4,4,4
4013076,8,7,4,1,1
4015165,8,0,4,4,4
4015885,8,6,4,2,2
4020578,8,0,4,4,4
4022649,8,7,4,1,1
4023970,8,0,4,4,4
4024538,8,7,4,1,1
4028270,8,0,4,4,4
4029334,8,5,4,3,2
4031362,8,0,4,4,4
4032898,8,5,4,3,2
4039120,8,0,4,4,4
4040094,8,4,4,4,4
4044203,8,0,4,4,4
4046103,8,7,4,1,1
4051546,8,0,4,4,4
4052069,8,5,4,3,2
4057646,8,0,4,4,4
4058130,8,5,4,3,2
4064265,8,0,4,4,4
4065302,8,3,4,4,4
4069541,8,0,4,4,4
4070216,8,6,4,2,2
4073511,8,0,4,4,4
4075083,8,7,4,1,1
4081587,8,0,4,4,4
4083721,8,7,4,1,1
4085319,8,0,4,4,4
4087508,8,3,4,4,4
4090415,8,0,4,4,4
4092698,8,5,4,3,2
4095679,8,0,4,4,4
4099283,8,6,4,2,2
4103898,8,0,4,4,4
4104272,8,6,4,2,2
4107772,8,0,4,4,4
4108764,8,5,4,3,2
4113371,8,0,4,4,4
4113810,8,3,4,4,4
4117951,8,0,4,4,4
4118417,8,5,4,3,2
4129398,8,0,4,4,4
4130181,8,6,4,2,2
4134529,8,0,4,4,4
4139416,8,1,4,4,4
4146207,8,0,4,4,4
4150839,8,3,4,4,4
4160883,8,0,4,4,4
4162304,8,3,4,4,4
4173797,8,0,4,4,4
4174263,8,5,4,3,2
4186882,8,0,4,4,4
4191167,8,1,4,4,4
4199217,8,0,4,4,4
4202191,8,2,4,4,4
4206601,8,0,4,4,4
4210188,8,0,4,4,4
4216918,8,0,4,4,4
4217459,8,0,4,4,4
4228487,8,0,4,4,4
4230667,8,0,4,4,4
4245443,8,0,4,4,4
4249075,8,0,4,4,4
4259080,8,0,4,4,4
4259519,8,0,4,4,4
4269382,8,0,4,4,4
4270512,8,1,4,4,4
4283398,8,0,4,4,4
4289004,8,3,4,4,4
4303769,8,0,4,4,4
4313246,8,1,4,4,4
4332357,8,0,4,4,4
4333403,8,1,4,4,4
4349155,8,0,4,4,4
4361277,8,0,4,4,4
4369457,8,0,4,4,4
4376232,8,1,4,4,4
4389003,8,0,4,4,4
4390040,8,1,4,4,4
4401939,8,0,4,4,4
4409096,8,1,4,4,4
4431418,8,0,4,4,4
4431857,8,2,4,4,4
4451539,8,0,4,4,4
4455732,8,1,4,4,4
4459157,8,0,4,4,4
4460215,8,2,4,4,4
4475413,8,0,4,4,4
4480671,8,1,4,4,4
4492116,8,0,4,4,4
4492591,8,4,4,4,4
4496601,8,0,4,4,4
4497040,8,3,4,4,4
4515608,8,0,4,4,4
4516083,8,3,4,4,4
4520180,8,0,4,4,4
4520637,8,4,4,4,4
4525585,8,0,4,4,4
4526685,8,5,4,3,2
4536700,8,0,4,4,4
4539460,8,6,4,2,2
4549967,8,0,4,4,4
4550451,8,2,4,4,4
4557607,8,0,4,4,4
4559134,8,4,4,4,4
4564100,8,0,4,4,4
4565182,8,5,4,3,2
4567231,8,0,4,4,4
4569749,8,3,4,4,4
4573734,8,0,4,4,4
4587178,8,3,4,4,4
4595176,8,0,4,4,4
4598441,8,4,4,4,4
4609157,8,0,4,4,4
4609605,8,2,4,4,4
4628224,8,0,4,4,4
4637729,8,0,4,4,4
4644876,8,0,4,4,4
4649232,8,0,4,4,4
4651910,8,0,4,4,4
4666986,8,2,4,4,4
4682439,8,0,4,4,4
4686872,8,0,4,4,4
4693621,8,0,4,4,4
4694452,8,3,4,4,4
4699680,8,0,4,4,4
4701318,8,3,4,4,4
4705095,8,0,4,4,4
4706105,8,3,4,4,4
4729601,8,0,4,4,4
4730540,8,0,4,4,4
4743865,8,0,4,4,4
4747069,8,2,4,4,4
4748872,8,0,4,4,4
4750979,8,2,4,4,4
4761365,8,0,4,4,4
4761813,8,3,4,4,4
4775472,8,0,4,4,4
4775920,8,3,4,4,4
4785471,8,0,4,4,4
4786772,8,2,4,4,4
4792405,8,0,4,4,4
4793517,8,4,4,4,4
4795917,8,0,4,4,4
4807238,8,4,4,4,4
4824181,8,0,4,4,4
4827976,8,0,4,4,4
4830028,8,0,4,4,4
4831224,8,2,4,4,4
4836783,8,0,4,4,4
4837793,8,4,4,4,4
4842702,8,0,4,4,4
4843159,8,4,4,4,4
4846538,8,0,4,4,4
4847950,8,3,4,4,4
4852757,8,0,4,4,4
4853232,8,4,4,4,4
4864443,8,0,4,4,4
4864882,8,1,4,4,4
4874550,8,0,4,4,4
4877034,8,2,4,4,4
4886617,8,0,4,4,4
4890183,8,1,4,4,4
4895626,8,0,4,4,4
4896155,8,2,4,4,4
4908614,8,0,4,4,4
4909137,8,2,4,4,4
4920695,8,0,4,4,4
4923433,8,1,4,4,4
4934910,8,0,4,4,4
4937599,8,2,4,4,4
4949044,8,0,4,4,4
4955444,8,2,4,4,4
4965340,8,0,4,4,4
4969826,8,2,4,4,4
4972961,8,0,4,4,4
4976280,8,5,4,3,2
4986681,8,0,4,4,4
4987455,8,3,4,4,4
4995877,8,0,4,4,4
4997826,8,3,4,4,4
5009322,8,0,4,4,4
5011239,8,5,4,3,2
5019700,8,0,4,4,4
5023523,8,5,4,3,2
5031781,8,0,4,4,4
5032247,8,4,4,4,4
5039728,8,0,4,4,4
5043389,8,4,4,4,4
5048566,8,0,4,4,4
5050664,8,4,4,4,4
5061794,8,0,4,4,4
5063928,8,5,4,3,2
5076518,8,0,4,4,4
5076957,8,4,4,4,4
5079577,8,0,4,4,4
5080940,8,4,4,4,4
5092376,8,0,4,4,4
5092705,8,5,4,3,2
5102149,8,0,4,4,4
5103150,8,6,4,2,2
5112375,8,0,4,4,4
5115685,8,4,4,4,4
5127757,8,0,4,4,4
5130938,8,3,4,4,4
5143730,8,0,4,4,4
5147046,8,4,4,4,4
5158193,8,0,4,4,4
5158877,8,5,4,3,2
5164938,8,0,4,4,4
5165159,8,2,4,4,4
5167741,8,0,4,4,4
5170444,8,6,4,2,2
5175077,8,0,4,4,4
5175516,8,4,4,4,4
5183373,8,0,4,4,4
5184963,8,4,4,4,4
5190521,8,0,4,4,4
5192972,8,7,4,1,1
5195649,8,0,4,4,4
5198551,8,0,4,4,4
5201202,8,0,4,4,4
5202275,8,7,4,1,1
5203851,8,0,4,4,4
5207243,8,0,4,4,4
5210951,8,0,4,4,4
5212033,8,6,4,2,2
5214495,8,0,4,4,4
5216058,8,6,4,2,2
5219155,8,0,4,4,4
5221289,8,6,4,2,2
5226989,8,0,4,4,4
5230527,8,6,4,2,2
5233276,8,0,4,4,4
5235103,8,6,4,2,2
5237392,8,0,4,4,4
5239824,8,5,4,3,2
5245095,8,0,4,4,4
5245570,8,5,4,3,2
5249993,8,0,4,4,4
5252100,8,3,4,4,4
5256327,8,0,4,4,4
5257221,8,6,4,2,2
5259526,8,0,4,4,4
5261152,8,7,4,1,1
5264864,8,0,4,4,4
5265946,8,7,4,1,1
5269548,8,0,4,4,4
5270086,8,7,4,1,1
5272050,8,0,4,4,4
5273105,8,6,4,2,2
5276808,8,0,4,4,4
5277881,8,3,4,4,4
5282144,8,0,4,4,4
5283989,8,5,4,3,2
5287105,8,0,4,4,4
5288124,8,6,4,2,2
5298483,8,0,4,4,4
5299030,8,7,4,1,1
5302699,8,0,4,4,4
5304824,8,4,4,4,4
5308894,8,0,4,4,4
5309441,8,6,4,2,2
5315478,8,0,4,4,4
5317050,8,6,4,2,2
5318397,8,0,4,4,4
5319389,8,6,4,2,2
5330554,8,0,4,4,4
5332180,8,3,4,4,4
5336432,8,0,4,4,4
5337478,8,7,4,1,1
5342966,8,0,4,4,4
5343385,8,7,4,1,1
5344402,8,0,4,4,4
5345430,8,6,4,2,2
5348188,8,0,4,4,4
5348654,8,7,4,1,1
5351349,8,0,4,4,4
5351806,8,7,4,1,1
5353050,8,0,4,4,4
5356428,8,3,4,4,4
5360407,8,0,4,4,4
5360891,8,5,4,3,2
5367379,8,0,4,4,4
5368969,8,7,4,1,1
5371601,8,0,4,4,4
5372049,8,7,4,1,1
5373252,8,0,4,4,4
5374116,8,7,4,1,1
5375612,8,0,4,4,4
5377416,8,0,4,4,4
5378961,8,2,4,4,4
5386406,8,0,4,4,4
5389583,8,4,4,4,4
5395948,8,0,4,4,4
5398391,8,6,4,2,2
5401492,8,0,4,4,4
5401931,8,3,4,4,4
5407275,8,0,4,4,4
5410650,8,6,4,2,2
5414187,8,0,4,4,4
5415542,8,5,4,3,2
5422525,8,0,4,4,4
5423580,8,5,4,3,2
5427841,8,0,4,4,4
5429244,8,2,4,4,4
5434278,8,0,4,4,4
5437260,8,4,4,4,4
5444560,8,0,4,4,4
5445597,8,4,4,4,4
5448390,8,0,4,4,4
5448829,8,5,4,3,2
5452362,8,0,4,4,4
5452900,8,4,4,4,4
5463263,8,0,4,4,4
5464255,8,7,4,1,1
5468035,8,0,4,4,4
5470739,8,7,4,1,1
5471882,8,0,4,4,4
5472665,8,7,4,1,1
5476581,8,0,4,4,4
5478979,8,4,4,4,4
5485401,8,0,4,4,4
5488122,8,6,4,2,2
5496254,8,0,4,4,4
5496511,8,7,4,1,1
5499911,8,0,4,4,4
5504671,8,0,4,4,4
5505735,8,5,4,3,2
5507871,8,0,4,4,4
5509461,8,6,4,2,2
5511653,8,0,4,4,4
5513796,8,6,4,2,2
5516082,8,0,4,4,4
5518008,8,0,4,4,4
5518483,8,7,4,1,1
5520765,8,0,4,4,4
5522382,8,7,4,1,1
5525297,8,0,4,4,4
5527997,8,0,4,4,4
5528508,8,6,4,2,2
5532406,8,0,4,4,4
5532863,8,7,4,1,1
5534085,8,0,4,4,4
5535431,8,5,4,3,2
5538907,8,0,4,4,4
5541041,8,7,4,1,1
5543910,8,0,4,4,4
5546021,8,0,4,4,4
5548711,8,0,4,4,4
5549739,8,6,4,2,2
5552068,8,0,4,4,4
5554733,8,0,4,4,4
5557292,8,0,4,4,4
5557794,8,7,4,1,1
5561560,8,0,4,4,4
5562089,8,7,4,1,1
5563581,8,0,4,4,4
5566033,8,0,4,4,4
5567567,8,0,4,4,4
5569625,8,0,4,4,4
5571233,8,6,4,2,2
5572937,8,0,4,4,4
5576264,8,0,4,4,4
5578360,8,0,4,4,4
5578835,8,7,4,1,1
5581467,8,0,4,4,4
5583075,8,7,4,1,1
5584760,8,0,4,4,4
5587942,8,0,4,4,4
5589903,8,0,4,4,4
5591156,8,0,4,4,4
5592773,8,6,4,2,2
5595199,8,0,4,4,4
5596760,8,0,4,4,4
5600759,8,0,4,4,4
5601297,8,7,4,1,1
5606363,8,0,4,4,4
5606820,8,7,4,1,1
5608348,8,0,4,4,4
5611960,8,0,4,4,4
5613586,8,6,4,2,2
5615994,8,0,4,4,4
5619176,8,0,4,4,4
5621362,8,0,4,4,4
5621864,8,7,4,1,1
5623846,8,0,4,4,4
5624294,8,6,4,2,2
5627831,8,0,4,4,4
5628922,8,6,4,2,2
5632609,8,0,4,4,4
5634743,8,5,4,3,2
5638324,8,0,4,4,4
5639424,8,7,4,1,1
5641985,8,0,4,4,4
5643022,8,7,4,1,1
5645104,8,0,4,4,4
5647659,8,0,4,4,4
5650617,8,0,4,4,4
5651146,8,6,4,2,2
5654171,8,0,4,4,4
5655226,8,5,4,3,2
5658192,8,0,4,4,4
5659265,8,6,4,2,2
5661664,8,0,4,4,4
5663254,8,7,4,1,1
5666586,8,0,4,4,4
5667079,8,6,4,2,2
5669395,8,0,4,4,4
5670061,8,7,4,1,1
5673574,8,0,4,4,4
5675560,8,0,4,4,4
5677548,8,0,4,4,4
5679174,8,7,4,1,1
5681289,8,0,4,4,4
5681755,8,7,4,1,1
5684353,8,0,4,4,4
5684837,8,7,4,1,1
5687318,8,0,4,4,4
5687784,8,7,4,1,1
5690093,8,0,4,4,4
5691656,8,6,4,2,2
5695376,8,0,4,4,4
5698036,8,7,4,1,1
5701211,8,0,4,4,4
5702230,8,5,4,3,2
5706812,8,0,4,4,4
5709003,8,6,4,2,2
5711762,8,0,4,4,4
5712883,8,5,4,3,2
5714646,8,0,4,4,4
5716536,8,5,4,3,2
5721677,8,0,4,4,4
5723089,8,5,4,3,2
5726038,8,0,4,4,4
5726803,8,4,4,4,4
5731381,8,0,4,4,4
5732436,8,5,4,3,2
5736684,8,0,4,4,4
5738981,8,5,4,3,2
5743260,8,0,4,4,4
5744841,8,6,4,2,2
5751577,8,0,4,4,4
5752569,8,6,4,2,2
5759293,8,0,4,4,4
5759750,8,5,4,3,2
5762826,8,0,4,4,4
5764969,8,5,4,3,2
5770445,8,0,4,4,4
5774002,8,3,4,4,4
5783533,8,0,4,4,4
5786022,8,5,4,3,2
5789038,8,0,4,4,4
5792852,8,4,4,4,4
5798107,8,0,4,4,4
5798636,8,6,4,2,2
5802303,8,0,4,4,4
5804148,8,6,4,2,2
5807201,8,0,4,4,4
5808782,8,7,4,1,1
5811849,8,0,4,4,4
5812677,8,7,4,1,1
5815582,8,0,4,4,4
5816021,8,7,4,1,1
5818698,8,0,4,4,4
5819191,8,7,4,1,1
5821508,8,0,4,4,4
5822608,8,6,4,2,2
5824816,8,0,4,4,4
5825844,8,5,4,3,2
5828382,8,0,4,4,4
5829464,8,3,4,4,4
5834054,8,0,4,4,4
5835037,8,6,4,2,2
5838200,8,0,4,4,4
5839987,8,0,4,4,4
5841315,8,0,4,4,4
5845267,8,0,4,4,4
5846250,8,6,4,2,2
5849430,8,0,4,4,4
5851917,8,6,4,2,2
5855012,8,0,4,4,4
5857410,8,0,4,4,4
5858438,8,7,4,1,1
5859495,8,0,4,4,4
5860033,8,7,4,1,1
5863348,8,0,4,4,4
5865451,8,0,4,4,4
5868411,8,0,4,4,4
5868922,8,7,4,1,1
5870180,8,0,4,4,4
5871208,8,6,4,2,2
5874320,8,0,4,4,4
5876537,8,5,4,3,2
5878208,8,0,4,4,4
5880445,8,6,4,2,2
5882950,8,0,4,4,4
5883978,8,6,4,2,2
5886925,8,0,4,4,4
5889341,8,5,4,3,2
5895693,8,0,4,4,4
5898899,8,3,4,4,4
5909105,8,0,4,4,4
5909664,8,5,4,3,2
5914101,8,0,4,4,4
5914558,8,6,4,2,2
5917103,8,0,4,4,4
5918167,8,5,4,3,2
5921800,8,0,4,4,4
5925576,8,3,4,4,4
5931749,8,0,4,4,4
5931925,8,6,4,2,2
5935119,8,0,4,4,4
5936736,8,6,4,2,2
5941010,8,0,4,4,4
5942029,8,7,4,1,1
5944259,8,0,4,4,4
5944863,8,7,4,1,1
5946631,8,0,4,4,4
5947097,8,7,4,1,1
5951881,8,0,4,4,4
5952365,8,5,4,3,2
5954550,8,0,4,4,4
5955605,8,6,4,2,2
5957413,8,0,4,4,4
5957879,8,6,4,2,2
5961700,8,0,4,4,4
5962157,8,7,4,1,1
5963577,8,0,4,4,4
5965681,8,0,4,4,4
5967307,8,7,4,1,1
5969824,8,0,4,4,4
5970027,8,6,4,2,2
5974164,8,0,4,4,4
5974666,8,5,4,3,2
5977681,8,0,4,4,4
5978156,8,7,4,1,1
5980682,8,0,4,4,4
5981683,8,7,4,1,1
5984507,8,0,4,4,4
5984946,8,7,4,1,1
5988515,8,0,4,4,4
5990600,8,0,4,4,4
5991655,8,7,4,1,1
5993409,8,0,4,4,4
5994981,8,7,4,1,1
5997778,8,0,4,4,4
5998244,8,6,4,2,2
6000131,8,0,4,4,4
6002373,8,0,4,4,4
6002938,8,7,4,1,1
6004358,8,0,4,4,4
6004833,8,7,4,1,1
6008924,8,0,4,4,4
6011059,8,6,4,2,2
6014591,8,0,4,4,4
6015583,8,7,4,1,1
6018254,8,0,4,4,4
6020379,8,3,4,4,4
6026002,8,0,4,4,4
6026615,8,5,4,3,2
6029063,8,0,4,4,4
6029529,8,6,4,2,2
6032401,8,0,4,4,4
6033112,8,6,4,2,2
6036008,8,0,4,4,4
6036501,8,7,4,1,1
6038567,8,0,4,4,4
6039940,8,7,4,1,1
6042850,8,0,4,4,4
6043687,8,6,4,2,2
6047773,8,0,4,4,4
6049319,8,6,4,2,2
6056405,8,0,4,4,4
6058539,8,5,4,3,2
6061793,8,0,4,4,4
6064471,8,5,4,3,2
6068743,8,0,4,4,4
6069798,8,5,4,3,2
6076349,8,0,4,4,4
6077867,8,5,4,3,2
6082491,8,0,4,4,4
6084063,8,7,4,1,1
6087288,8,0,4,4,4
6091484,8,6,4,2,2
6093784,8,0,4,4,4
6094848,8,7,4,1,1
6098554,8,0,4,4,4
6102784,8,5,4,3,2
6119323,8,0,4,4,4
6121947,8,3,4,4,4
6133898,8,0,4,4,4
6138454,8,4,4,4,4
6144382,8,0,4,4,4
6145374,8,4,4,4,4
6151935,8,0,4,4,4
6153599,8,4,4,4,4
6161181,8,0,4,4,4
6164196,8,4,4,4,4
6168374,8,0,4,4,4
6169982,8,4,4,4,4
6171377,8,0,4,4,4
6171870,8,4,4,4,4
6181081,8,0,4,4,4
6182949,8,5,4,3,2
6192143,8,0,4,4,4
6194321,8,4,4,4,4
6204772,8,0,4,4,4
6207758,8,3,4,4,4
6218836,8,0,4,4,4
6219275,8,4,4,4,4
6231753,8,0,4,4,4
6237485,8,3,4,4,4
6244637,8,0,4,4,4
6245268,8,5,4,3,2
6252158,8,0,4,4,4
6256749,8,5,4,3,2
6261122,8,0,4,4,4
6264091,8,5,4,3,2
6268415,8,0,4,4,4
6269452,8,6,4,2,2
6274063,8,0,4,4,4
6275092,8,6,4,2,2
6280994,8,0,4,4,4
6284462,8,3,4,4,4
6294767,8,0,4,4,4
6297488,8,2,4,4,4
6304107,8,0,4,4,4
6309039,8,4,4,4,4
6316075,8,0,4,4,4
6319070,8,3,4,4,4
6325848,8,0,4,4,4
6327491,8,3,4,4,4
6337539,8,0,4,4,4
6339153,8,5,4,3,2
6341052,8,0,4,4,4
6343756,8,4,4,4,4
6360518,8,0,4,4,4
6362672,8,3,4,4,4
6368156,8,0,4,4,4
6369166,8,6,4,2,2
6373997,8,0,4,4,4
6377082,8,6,4,2,2
6380800,8,0,4,4,4
6381257,8,7,4,1,1
6382837,8,0,4,4,4
6385280,8,5,4,3,2
6387740,8,0,4,4,4
6388852,8,5,4,3,2
6391960,8,0,4,4,4
6392408,8,4,4,4,4
6395966,8,0,4,4,4
6396994,8,5,4,3,2
6400175,8,0,4,4,4
6401176,8,6,4,2,2
6406081,8,0,4,4,4
6410119,8,5,4,3,2
6414591,8,0,4,4,4
6418802,8,3,4,4,4
6429072,8,0,4,4,4
6429520,8,3,4,4,4
6436039,8,0,4,4,4
6437620,8,4,4,4,4
6439530,8,0,4,4,4
6441123,8,5,4,3,2
6445841,8,0,4,4,4
6447466,8,5,4,3,2
6453231,8,0,4,4,4
6455365,8,6,4,2,2
6457511,8,0,4,4,4
6458521,8,6,4,2,2
6462854,8,0,4,4,4
6464390,8,6,4,2,2
6467958,8,0,4,4,4
6469031,8,6,4,2,2
6472634,8,0,4,4,4
6475299,8,0,4,4,4
6479084,8,0,4,4,4
6480657,8,0,4,4,4
6481222,8,6,4,2,2
6484948,8,0,4,4,4
6486039,8,7,4,1,1
6487351,8,0,4,4,4
6488343,8,7,4,1,1
6491710,8,0,4,4,4
6492167,8,5,4,3,2
6495155,8,0,4,4,4
6496772,8,7,4,1,1
6499177,8,0,4,4,4
6501727,8,0,4,4,4
6503317,8,7,4,1,1
6504263,8,0,4,4,4
6507423,8,0,4,4,4
6508343,8,0,4,4,4
6511362,8,0,4,4,4
6513269,8,0,4,4,4
6513708,8,6,4,2,2
6516125,8,0,4,4,4
6517336,8,0,4,4,4
6517829,8,7,4,1,1
6520111,8,0,4,4,4
6521941,8,0,4,4,4
6524517,8,0,4,4,4
6525988,8,7,4,1,1
6527015,8,0,4,4,4
6530581,8,0,4,4,4
6532242,8,0,4,4,4
6535381,8,0,4,4,4
6535949,8,6,4,2,2
6537761,8,0,4,4,4
6539733,8,0,4,4,4
6540453,8,7,4,1,1
6544877,8,0,4,4,4
6546508,8,0,4,4,4
6546956,8,7,4,1,1
6550150,8,0,4,4,4
6551160,8,7,4,1,1
6554858,8,0,4,4,4
6557558,8,0,4,4,4
6558559,8,6,4,2,2
6560922,8,0,4,4,4
6562503,8,7,4,1,1
6564324,8,0,4,4,4
6566895,8,0,4,4,4
6569481,8,0,4,4,4
6571638,8,0,4,4,4
6572412,8,7,4,1,1
6574538,8,0,4,4,4
6575883,8,7,4,1,1
6577709,8,0,4,4,4
6580223,8,0,4,4,4
6581622,8,6,4,2,2
6583561,8,0,4,4,4
6584045,8,7,4,1,1
6585783,8,0,4,4,4
6586820,8,7,4,1,1
6590289,8,0,4,4,4
6590863,8,7,4,1,1
6597024,8,0,4,4,4
6597245,8,7,4,1,1
6598586,8,0,4,4,4
6602628,8,0,4,4,4
6602840,8,6,4,2,2
6604724,8,0,4,4,4
6608228,8,0,4,4,4
6612124,8,0,4,4,4
6612680,8,7,4,1,1
6614253,8,0,4,4,4
6615733,8,0,4,4,4
6619429,8,0,4,4,4
6619758,8,7,4,1,1
6621346,8,0,4,4,4
6621785,8,7,4,1,1
6625031,8,0,4,4,4
6625985,8,5,4,3,2
6630629,8,0,4,4,4
6631466,8,7,4,1,1
6636225,8,0,4,4,4
6636918,8,7,4,1,1
6641827,8,0,4,4,4
6642718,8,0,4,4,4
6647431,8,0,4,4,4
6648367,8,6,4,2,2
6649651,8,0,4,4,4
6651451,8,0,4,4,4
6653030,8,0,4,4,4
6653777,8,7,4,1,1
6658629,8,0,4,4,4
6659412,8,7,4,1,1
6664231,8,0,4,4,4
6665403,8,0,4,4,4
6669825,8,0,4,4,4
6670028,8,6,4,2,2
6671804,8,0,4,4,4
6675425,8,0,4,4,4
6675637,8,7,4,1,1
6677183,8,0,4,4,4
6678466,8,0,4,4,4
6681030,8,0,4,4,4
6681269,8,7,4,1,1
6686623,8,0,4,4,4
6686952,8,7,4,1,1
6692226,8,0,4,4,4
6692946,8,5,4,3,2
6697824,8,0,4,4,4
6698126,8,6,4,2,2
6703429,8,0,4,4,4
6704410,8,0,4,4,4
6709031,8,0,4,4,4
6709994,8,7,4,1,1
6714624,8,0,4,4,4
6715587,8,6,4,2,2
6720231,8,0,4,4,4
6720515,8,7,4,1,1
6722052,8,0,4,4,4
6725826,8,0,4,4,4
6731427,8,0,4,4,4
6731675,8,7,4,1,1
6737029,8,0,4,4,4
6737740,8,5,4,3,2
6742627,8,0,4,4,4
6743419,8,0,4,4,4
6748231,8,0,4,4,4
6749131,8,6,4,2,2
6753829,8,0,4,4,4
6755082,8,0,4,4,4
6759425,8,0,4,4,4
6759610,8,6,4,2,2
6761467,8,0,4,4,4
6765025,8,0,4,4,4
6770626,8,0,4,4,4
6771589,8,6,4,2,2
6776224,8,0,4,4,4
6781825,8,0,4,4,4
6782046,8,0,4,4,4
6784440,8,0,4,4,4
6785830,8,6,4,2,2
6787732,8,0,4,4,4
6789300,8,0,4,4,4
6793565,8,0,4,4,4
6794067,8,6,4,2,2
6799159,8,0,4,4,4
6804765,8,0,4,4,4
6810362,8,0,4,4,4
6811372,8,5,4,3,2
6814115,8,0,4,4,4
6814626,8,7,4,1,1
6816136,8,0,4,4,4
6816393,8,6,4,2,2
6819464,8,0,4,4,4
6821565,8,0,4,4,4
6822539,8,7,4,1,1
6825064,8,0,4,4,4
6827165,8,0,4,4,4
6828157,8,7,4,1,1
6830664,8,0,4,4,4
6832765,8,0,4,4,4
6833829,8,6,4,2,2
6836626,8,0,4,4,4
6837119,8,7,4,1,1
6838602,8,0,4,4,4
6839104,8,5,4,3,2
6841866,8,0,4,4,4
6842359,8,6,4,2,2
6844180,8,0,4,4,4
6847466,8,0,4,4,4
6849558,8,0,4,4,4
6850586,8,7,4,1,1
6853066,8,0,4,4,4
6855158,8,0,4,4,4
6855714,8,7,4,1,1
6860765,8,0,4,4,4
6861588,8,7,4,1,1
6866360,8,0,4,4,4
6866916,8,6,4,2,2
6871963,8,0,4,4,4
6877564,8,0,4,4,4
6878039,8,7,4,1,1
6879531,8,0,4,4,4
6883161,8,0,4,4,4
6884252,8,7,4,1,1
6888765,8,0,4,4,4
6889820,8,6,4,2,2
6894365,8,0,4,4,4
6895791,8,0,4,4,4
6899961,8,0,4,4,4
6900290,8,7,4,1,1
6905565,8,0,4,4,4
6906112,8,6,4,2,2
6908985,8,0,4,4,4
6911158,8,0,4,4,4
6912168,8,6,4,2,2
6916758,8,0,4,4,4
6918220,8,0,4,4,4
6922363,8,0,4,4,4
6923780,8,0,4,4,4
6927959,8,0,4,4,4
6928987,8,6,4,2,2
6933559,8,0,4,4,4
6933998,8,6,4,2,2
6935855,8,0,4,4,4
6937317,8,7,4,1,1
6939163,8,0,4,4,4
6944762,8,0,4,4,4
6950359,8,0,4,4,4
6950798,8,6,4,2,2
6955962,8,0,4,4,4
6956446,8,7,4,1,1
6961560,8,0,4,4,4
6962062,8,7,4,1,1
6967163,8,0,4,4,4
6972760,8,0,4,4,4
6973217,8,6,4,2,2
6978363,8,0,4,4,4
6978883,8,7,4,1,1
6983961,8,0,4,4,4
6984445,8,7,4,1,1
6989559,8,0,4,4,4
6995070,8,0,4,4,4
6996170,8,6,4,2,2
7000670,8,0,4,4,4
7001136,8,7,4,1,1
7002574,8,0,4,4,4
7003013,8,7,4,1,1
7006277,8,0,4,4,4
7006761,8,6,4,2,2
7010249,8,0,4,4,4
7010760,8,6,4,2,2
7014083,8,0,4,4,4
7015102,8,7,4,1,1
7017926,8,0,4,4,4
7019343,8,6,4,2,2
7021261,8,0,4,4,4
7025371,8,0,4,4,4
7027737,8,0,4,4,4
7033280,8,0,4,4,4
7034888,8,5,4,3,2
7037495,8,0,4,4,4
7038634,8,4,4,4,4
7043106,8,0,4,4,4
7045477,8,5,4,3,2
7048789,8,0,4,4,4
7049790,8,6,4,2,2
7054978,8,0,4,4,4
7062275,8,0,4,4,4
7062723,8,6,4,2,2
7066517,8,0,4,4,4
7067683,8,4,4,4,4
7070956,8,0,4,4,4
7072029,8,4,4,4,4
7074394,8,0,4,4,4
7079365,8,5,4,3,2
7082913,8,0,4,4,4
7083415,8,6,4,2,2
7091497,8,0,4,4,4
7091963,8,7,4,1,1
7095279,8,0,4,4,4
7098022,8,3,4,4,4
7104473,8,0,4,4,4
7104930,8,7,4,1,1
7111264,8,0,4,4,4
7114911,8,6,4,2,2
7118582,8,0,4,4,4
7120508,8,5,4,3,2
7123598,8,0,4,4,4
7125443,8,3,4,4,4
7131052,8,0,4,4,4
7134609,8,6,4,2,2
7141973,8,0,4,4,4
7148784,8,5,4,3,2
7159882,8,0,4,4,4
7160339,8,1,4,4,4
7169671,8,0,4,4,4
7173077,8,2,4,4,4
7177807,8,0,4,4,4
7178246,8,3,4,4,4
7191186,8,0,4,4,4
7194024,8,3,4,4,4
7201010,8,0,4,4,4
7204284,8,1,4,4,4
7205507,8,0,4,4,4
7206481,8,3,4,4,4
7218839,8,0,4,4,4
7221612,8,1,4,4,4
7232136,8,0,4,4,4
7233756,8,3,4,4,4
7245222,8,0,4,4,4
7252736,8,3,4,4,4
7262934,8,0,4,4,4
7265920,8,2,4,4,4
7277674,8,0,4,4,4
7281032,8,1,4,4,4
7292530,8,0,4,4,4
7300190,8,2,4,4,4
7303618,8,0,4,4,4
7304066,8,3,4,4,4
7314735,8,0,4,4,4
7316580,8,1,4,4,4
7326087,8,0,4,4,4
7335773,8,0,4,4,4
7339825,8,0,4,4,4
7340955,8,1,4,4,4
7348999,8,0,4,4,4
7349456,8,3,4,4,4
7372221,8,0,4,4,4
7378034,8,0,4,4,4
7383651,8,0,4,4,4
7384746,8,2,4,4,4
7391368,8,0,4,4,4
7395833,8,3,4,4,4
7407204,8,0,4,4,4
7407924,8,3,4,4,4
7417283,8,0,4,4,4
7417740,8,1,4,4,4
7427888,8,0,4,4,4
7429867,8,1,4,4,4
7437546,8,0,4,4,4
7438881,8,3,4,4,4
7452291,8,0,4,4,4
7453956,8,1,4,4,4
7463922,8,0,4,4,4
7464370,8,3,4,4,4
7473351,8,0,4,4,4
7475797,8,3,4,4,4
7488460,8,0,4,4,4
7490076,8,2,4,4,4
7496196,8,0,4,4,4
7503055,8,5,4,3,2
7510019,8,0,4,4,4
7510467,8,4,4,4,4
7532056,8,0,4,4,4
7532504,8,3,4,4,4
7538508,8,0,4,4,4
7538947,8,6,4,2,2
7543913,8,0,4,4,4
7544433,8,7,4,1,1
7547376,8,0,4,4,4
7549002,8,6,4,2,2
7551376,8,0,4,4,4
7555171,8,5,4,3,2
7559634,8,0,4,4,4
7560199,8,6,4,2,2
7562135,8,0,4,4,4
7564768,8,7,4,1,1
7567322,8,0,4,4,4
7570686,8,0,4,4,4
7571741,8,7,4,1,1
7573633,8,0,4,4,4
7574144,8,7,4,1,1
7577356,8,0,4,4,4
7578660,8,6,4,2,2
7582330,8,0,4,4,4
7582796,8,7,4,1,1
7585982,8,0,4,4,4
7586430,8,6,4,2,2
7590947,8,0,4,4,4
7592963,8,0,4,4,4
7593648,8,0,4,4,4
7596733,8,0,4,4,4
7598836,8,0,4,4,4
7600363,8,6,4,2,2
7602798,8,0,4,4,4
7604932,8,6,4,2,2
7608235,8,0,4,4,4
7608692,8,7,4,1,1
7611975,8,0,4,4,4
7612812,8,7,4,1,1
7615609,8,0,4,4,4
7618791,8,0,4,4,4
7620806,8,0,4,4,4
7621245,8,6,4,2,2
7623615,8,0,4,4,4
7624625,8,7,4,1,1
7626968,8,0,4,4,4
7628594,8,6,4,2,2
7632162,8,0,4,4,4
7633725,8,6,4,2,2
7636066,8,0,4,4,4
7636706,8,7,4,1,1
7640166,8,0,4,4,4
7641194,8,7,4,1,1
7643423,8,0,4,4,4
7645857,8,7,4,1,1
7647374,8,0,4,4,4
7649951,8,0,4,4,4
7652085,8,7,4,1,1
7653040,8,0,4,4,4
7654323,8,0,4,4,4
7654864,8,7,4,1,1
7656049,8,0,4,4,4
7657621,8,6,4,2,2
7660228,8,0,4,4,4
7662380,8,6,4,2,2
7664272,8,0,4,4,4
7665318,8,7,4,1,1
7667297,8,0,4,4,4
7667545,8,7,4,1,1
7669301,8,0,4,4,4
7671352,8,0,4,4,4
7672922,8,0,4,4,4
7673370,8,7,4,1,1
7676877,8,0,4,4,4
7678458,8,7,4,1,1
7680867,8,0,4,4,4
7682810,8,0,4,4,4
7684427,8,7,4,1,1
7686181,8,0,4,4,4
7687580,8,7,4,1,1
7689165,8,0,4,4,4
7689631,8,6,4,2,2
7691895,8,0,4,4,4
7692343,8,6,4,2,2
7695613,8,0,4,4,4
7697185,8,7,4,1,1
7699072,8,0,4,4,4
7699703,8,5,4,3,2
7703199,8,0,4,4,4
7704290,8,6,4,2,2
7708386,8,0,4,4,4
7709414,8,6,4,2,2
7713673,8,0,4,4,4
7714166,8,6,4,2,2
7716084,8,0,4,4,4
7716577,8,6,4,2,2
7720682,8,0,4,4,4
7721746,8,6,4,2,2
7725397,8,0,4,4,4
7726497,8,6,4,2,2
7730554,8,0,4,4,4
7731011,8,7,4,1,1
7733574,8,0,4,4,4
7734049,8,6,4,2,2
7738036,8,0,4,4,4
7738493,8,5,4,3,2
7741958,8,0,4,4,4
7742415,8,6,4,2,2
7744749,8,0,4,4,4
7746339,8,5,4,3,2
7749290,8,0,4,4,4
7749747,8,5,4,3,2
7752995,8,0,4,4,4
7753509,8,5,4,3,2
7755843,8,0,4,4,4
7757751,8,6,4,2,2
7760169,8,0,4,4,4
7761188,8,5,4,3,2
7763706,8,0,4,4,4
7765088,8,6,4,2,2
7765774,8,0,4,4,4
7766748,8,6,4,2,2
7769117,8,0,4,4,4
7771043,8,3,4,4,4
7774625,8,0,4,4,4
7775617,8,5,4,3,2
7780632,8,0,4,4,4
7781161,8,6,4,2,2
7783423,8,0,4,4,4
7785022,8,5,4,3,2
7787933,8,0,4,4,4
7788555,8,7,4,1,1
7791467,8,0,4,4,4
7793450,8,5,4,3,2
7797899,8,0,4,4,4
7798900,8,5,4,3,2
7801260,8,0,4,4,4
7803404,8,5,4,3,2
7806092,8,0,4,4,4
7807718,8,5,4,3,2
7811860,8,0,4,4,4
7813468,8,5,4,3,2
7816981,8,0,4,4,4
7817474,8,5,4,3,2
7819468,8,0,4,4,4
7821049,8,5,4,3,2
7822683,8,0,4,4,4
7823783,8,5,4,3,2
7826614,8,0,4,4,4
7827334,8,7,4,1,1
7829636,8,0,4,4,4
7830177,8,5,4,3,2
7833874,8,0,4,4,4
7834848,8,4,4,4,4
7838730,8,0,4,4,4
7839749,8,5,4,3,2
7842690,8,0,4,4,4
7844253,8,6,4,2,2
7847325,8,0,4,4,4
7848870,8,6,4,2,2
7851250,8,0,4,4,4
7852551,8,6,4,2,2
7855514,8,0,4,4,4
7857231,8,7,4,1,1
7860285,8,0,4,4,4
7862767,8,0,4,4,4
7864589,8,0,4,4,4
7865599,8,5,4,3,2
7867922,8,0,4,4,4
7868388,8,6,4,2,2
7870945,8,0,4,4,4
7871402,8,5,4,3,2
7873700,8,0,4,4,4
7875572,8,5,4,3,2
7878733,8,0,4,4,4
7879319,8,5,4,3,2
7882703,8,0,4,4,4
7885164,8,6,4,2,2
7888719,8,0,4,4,4
7889765,8,7,4,1,1
7891381,8,0,4,4,4
7893181,8,0,4,4,4
7895340,8,7,4,1,1
7896394,8,0,4,4,4
7897168,8,7,4,1,1
7899922,8,0,4,4,4
7902481,8,7,4,1,1
7903481,8,0,4,4,4
7905098,8,7,4,1,1
7907932,8,0,4,4,4
7910669,8,0,4,4,4
7911135,8,7,4,1,1
7914909,8,0,4,4,4
7915357,8,7,4,1,1
7917513,8,0,4,4,4
7917952,8,5,4,3,2
7919946,8,0,4,4,4
7922712,8,6,4,2,2
7926320,8,0,4,4,4
7927303,8,6,4,2,2
7930821,8,0,4,4,4
7933718,8,0,4,4,4
7934175,8,7,4,1,1
7936654,8,0,4,4,4
7937210,8,6,4,2,2
7939515,8,0,4,4,4
7940525,8,6,4,2,2
7945087,8,0,4,4,4
7946106,8,6,4,2,2
7948504,8,0,4,4,4
7949015,8,6,4,2,2
7953547,8,0,4,4,4
7954593,8,7,4,1,1
7957051,8,0,4,4,4
7958106,8,7,4,1,1
7959915,8,0,4,4,4
7960916,8,5,4,3,2
7964011,8,0,4,4,4
7965057,8,4,4,4,4
7969593,8,0,4,4,4
7969922,8,6,4,2,2
7973498,8,0,4,4,4
7975052,8,5,4,3,2
7977963,8,0,4,4,4
7979308,8,7,4,1,1
7981705,8,0,4,4,4
7984884,8,0,4,4,4
7987016,8,0,4,4,4
7987884,8,5,4,3,2
7991027,8,0,4,4,4
7992055,8,5,4,3,2
7996830,8,0,4,4,4
7998910,8,5,4,3,2
8002027,8,0,4,4,4
8002466,8,5,4,3,2
8005989,8,0,4,4,4
8006972,8,5,4,3,2
8012108,8,0,4,4,4
8014016,8,4,4,4,4
8017465,8,0,4,4,4
8017913,8,5,4,3,2
8023296,8,0,4,4,4
8024297,8,4,4,4,4
8029061,8,0,4,4,4
8030933,8,6,4,2,2
8039571,8,0,4,4,4
8040635,8,5,4,3,2
8043587,8,0,4,4,4
8045730,8,6,4,2,2
8048749,8,0,4,4,4
8050094,8,6,4,2,2
8053517,8,0,4,4,4
8055960,8,0,4,4,4
8057537,8,0,4,4,4
8058529,8,7,4,1,1
8060283,8,0,4,4,4
8062589,8,6,4,2,2
8064997,8,0,4,4,4
8067902,8,0,4,4,4
8068885,8,7,4,1,1
8071144,8,0,4,4,4
8071963,8,7,4,1,1
8074557,8,0,4,4,4
8076660,8,0,4,4,4
8077180,8,7,4,1,1
8080079,8,0,4,4,4
8082137,8,0,4,4,4
8082603,8,7,4,1,1
8085682,8,0,4,4,4
8087218,8,6,4,2,2
8090001,8,0,4,4,4
8091582,8,7,4,1,1
8093135,8,0,4,4,4
8094707,8,7,4,1,1
8097138,8,0,4,4,4
8098220,8,7,4,1,1
8100362,8,0,4,4,4
8101970,8,7,4,1,1
8103735,8,0,4,4,4
8108082,8,0,4,4,4
8109182,8,6,4,2,2
8111082,8,0,4,4,4
8112176,8,6,4,2,2
8115361,8,0,4,4,4
8116371,8,7,4,1,1
8119547,8,0,4,4,4
8119986,8,7,4,1,1
8121451,8,0,4,4,4
8123549,8,7,4,1,1
8125856,8,0,4,4,4
8129038,8,0,4,4,4
8130075,8,6,4,2,2
8131815,8,0,4,4,4
8133214,8,0,4,4,4
8135657,8,7,4,1,1
8138056,8,0,4,4,4
8139075,8,7,4,1,1
8141697,8,0,4,4,4
8142707,8,7,4,1,1
8144269,8,0,4,4,4
8147280,8,0,4,4,4
8148724,8,0,4,4,4
8152882,8,0,4,4,4
8153321,8,6,4,2,2
8155668,8,0,4,4,4
8157793,8,6,4,2,2
8160501,8,0,4,4,4
8161030,8,6,4,2,2
8162891,8,0,4,4,4
8165851,8,7,4,1,1
8168447,8,0,4,4,4
8172925,8,0,4,4,4
8177529,8,0,4,4,4
8177977,8,5,4,3,2
8183356,8,0,4,4,4
8185472,8,3,4,4,4
8190345,8,0,4,4,4
8190784,8,5,4,3,2
8194037,8,0,4,4,4
8194551,8,4,4,4,4
8201756,8,0,4,4,4
8203336,8,6,4,2,2
8211414,8,0,4,4,4
8215165,8,5,4,3,2
8219520,8,0,4,4,4
8222217,8,1,4,4,4
8224643,8,0,4,4,4
8227112,8,5,4,3,2
8229943,8,0,4,4,4
8231779,8,5,4,3,2
8242220,8,0,4,4,4
8243614,8,2,4,4,4
8249554,8,0,4,4,4
8255547,8,4,4,4,4
8263099,8,0,4,4,4
8264472,8,5,4,3,2
8273980,8,0,4,4,4
8274419,8,2,4,4,4
8288153,8,0,4,4,4
8301813,8,0,4,4,4
8305402,8,0,4,4,4
8306796,8,2,4,4,4
8317197,8,0,4,4,4
8318498,8,4,4,4,4
8330076,8,0,4,4,4
8334628,8,3,4,4,4
8350257,8,0,4,4,4
8350442,8,0,4,4,4
8357004,8,0,4,4,4
8358323,8,1,4,4,4
8361260,8,0,4,4,4
8367511,8,2,4,4,4
8377506,8,0,4,4,4
8378798,8,4,4,4,4
8390407,8,0,4,4,4
8390855,8,5,4,3,2
8401367,8,0,4,4,4
8405249,8,1,4,4,4
8418840,8,0,4,4,4
8431253,8,0,4,4,4
8437825,8,0,4,4,4
8442510,8,2,4,4,4
8455988,8,0,4,4,4
8461815,8,3,4,4,4
8468445,8,0,4,4,4
8468920,8,3,4,4,4
8474626,8,0,4,4,4
8476861,8,2,4,4,4
8484628,8,0,4,4,4
8488760,8,4,4,4,4
8500304,8,0,4,4,4
8502469,8,2,4,4,4
8510953,8,0,4,4,4
8512498,8,3,4,4,4
8518451,8,0,4,4,4
8523571,8,3,4,4,4
8534177,8,0,4,4,4
8534625,8,4,4,4,4
8544139,8,0,4,4,4
8547446,8,4,4,4,4
8553462,8,0,4,4,4
8558515,8,3,4,4,4
8572518,8,0,4,4,4
8573059,8,4,4,4,4
8577417,8,0,4,4,4
8577946,8,5,4,3,2
8581741,8,0,4,4,4
8582207,8,5,4,3,2
8585776,8,0,4,4,4
8590373,8,4,4,4,4
8599921,8,0,4,4,4
8600360,8,4,4,4,4
8609670,8,0,4,4,4
8611533,8,3,4,4,4
8617407,8,0,4,4,4
8617909,8,2,4,4,4
8623807,8,0,4,4,4
8629995,8,3,4,4,4
8649418,8,0,4,4,4
8651870,8,0,4,4,4
8657745,8,0,4,4,4
8658193,8,0,4,4,4
8667130,8,0,4,4,4
8672257,8,0,4,4,4
8689507,8,0,4,4,4
8690490,8,1,4,4,4
8709119,8,0,4,4,4
8710748,8,1,4,4,4
8732728,8,0,4,4,4
8739689,8,1,4,4,4
8754529,8,0,4,4,4
8759296,8,0,4,4,4
8768627,8,0,4,4,4
8770772,8,2,4,4,4
8779432,8,0,4,4,4
8779982,8,1,4,4,4
8792686,8,0,4,4,4
8800885,8,0,4,4,4
8838819,8,0,4,4,4
8845830,8,0,4,4,4
8864511,8,0,4,4,4
8871641,8,1,4,4,4
8884014,8,0,4,4,4
8884453,8,1,4,4,4
8894947,8,0,4,4,4
8896974,8,2,4,4,4
8908349,8,0,4,4,4
8911594,8,2,4,4,4
8923491,8,0,4,4,4
8927142,8,4,4,4,4
8942410,8,0,4,4,4
8944137,8,2,4,4,4
8953322,8,0,4,4,4
8955402,8,4,4,4,4
8962952,8,0,4,4,4
8963445,8,5,4,3,2
8977333,8,0,4,4,4
8978352,8,4,4,4,4
8992018,8,0,4,4,4
8993337,8,3,4,4,4
8994796,8,0,4,4,4
8995280,8,3,4,4,4
9008093,8,0,4,4,4
9009139,8,2,4,4,4
9017484,8,0,4,4,4
9018575,8,2,4,4,4
9030081,8,0,4,4,4
9032153,8,3,4,4,4
9042996,8,0,4,4,4
9052723,8,0,4,4,4
9054725,8,0,4,4,4
9055164,8,4,4,4,4
9068363,8,0,4,4,4
9069400,8,2,4,4,4
9081165,8,0,4,4,4
9086721,8,2,4,4,4
9094521,8,0,4,4,4
9099262,8,0,4,4,4
9111668,8,0,4,4,4
9123610,8,1,4,4,4
9130569,8,0,4,4,4
9136272,8,0,4,4,4
9147780,8,0,4,4,4
9151398,8,1,4,4,4
9162629,8,0,4,4,4
9163648,8,1,4,4,4
9172629,8,0,4,4,4
9177849,8,3,4,4,4
9187304,8,0,4,4,4
9189469,8,3,4,4,4
9203464,8,0,4,4,4
9207128,8,1,4,4,4
9216804,8,0,4,4,4
9218683,8,2,4,4,4
9230208,8,0,4,4,4
9245966,8,0,4,4,4
9259638,8,0,4,4,4
9265114,8,1,4,4,4
9276499,8,0,4,4,4
9281279,8,0,4,4,4
9283331,8,0,4,4,4
9284360,8,2,4,4,4
9297791,8,0,4,4,4
9306309,8,0,4,4,4
9310996,8,0,4,4,4
9312568,8,2,4,4,4
9323706,8,0,4,4,4
9326122,8,1,4,4,4
9334393,8,0,4,4,4
9338177,8,1,4,4,4
9349729,8,0,4,4,4
9351319,8,1,4,4,4
9357783,8,0,4,4,4
9360518,8,0,4,4,4
9371034,8,0,4,4,4
9373455,8,0,4,4,4
9383171,8,0,4,4,4
9384836,8,0,4,4,4
9395134,8,0,4,4,4
9397015,8,2,4,4,4
9400993,8,0,4,4,4
9414177,8,2,4,4,4
9422991,8,0,4,4,4
9425982,8,1,4,4,4
9433492,8,0,4,4,4
9438267,8,1,4,4,4
9451580,8,0,4,4,4
9455210,8,0,4,4,4
9460352,8,0,4,4,4
9462746,8,2,4,4,4
9472445,8,0,4,4,4
9474578,8,1,4,4,4
9482258,8,0,4,4,4
9489795,8,1,4,4,4
9501418,8,0,4,4,4
9506638,8,1,4,4,4
9539407,8,0,4,4,4
9552207,8,0,4,4,4
9561217,8,0,4,4,4
9565128,8,1,4,4,4
9575257,8,0,4,4,4
9578790,8,2,4,4,4
9582815,8,0,4,4,4
9584432,8,3,4,4,4
9598616,8,0,4,4,4
9600170,8,1,4,4,4
9610618,8,0,4,4,4
9612495,8,2,4,4,4
9630177,8,0,4,4,4
9632076,8,1,4,4,4
9642908,8,0,4,4,4
9644498,8,1,4,4,4
9651662,8,0,4,4,4
9654115,8,1,4,4,4
9657632,8,0,4,4,4
9660327,8,1,4,4,4
9669434,8,0,4,4,4
9672682,8,1,4,4,4
9691413,8,0,4,4,4
9694111,8,1,4,4,4
9712119,8,0,4,4,4
9713700,8,3,4,4,4
9723146,8,0,4,4,4
9727146,8,3,4,4,4
9736780,8,0,4,4,4
9745060,8,1,4,4,4
9759164,8,0,4,4,4
9761607,8,2,4,4,4
9770194,8,0,4,4,4
9770789,8,5,4,3,2
9782206,8,0,4,4,4
9783243,8,5,4,3,2
9791981,8,0,4,4,4
9792420,8,2,4,4,4
9799941,8,0,4,4,4
9801818,8,2,4,4,4
9813824,8,0,4,4,4
9815642,8,2,4,4,4
9822648,8,0,4,4,4
9823739,8,4,4,4,4
9827476,8,0,4,4,4
9827924,8,3,4,4,4
9850419,8,0,4,4,4
9852037,8,0,4,4,4
9856843,8,0,4,4,4
9863412,8,4,4,4,4
9876867,8,0,4,4,4
9879036,8,4,4,4,4
9884994,8,0,4,4,4
9890014,8,3,4,4,4
9909548,8,0,4,4,4
9910232,8,0,4,4,4
9914424,8,0,4,4,4
9917521,8,3,4,4,4
9924900,8,0,4,4,4
9937142,8,0,4,4,4
9944105,8,0,4,4,4
9944553,8,4,4,4,4
9953164,8,0,4,4,4
9953603,8,3,4,4,4
9958226,8,0,4,4,4
9959509,8,3,4,4,4
9967955,8,0,4,4,4
9968421,8,3,4,4,4
9976482,8,0,4,4,4
9978580,8,4,4,4,4
9985258,8,0,4,4,4
9987374,8,6,4,2,2
9993187,8,0,4,4,4
9993635,8,5,4,3,2
9999659,8,0,4,4,4
10000272,8,5,4,3,2
10003177,8,0,4,4,4
10003652,8,4,4,4,4
10012919,8,0,4,4,4
10014782,8,6,4,2,2
10018405,8,0,4,4,4
10019968,8,6,4,2,2
10023222,8,0,4,4,4
10024205,8,6,4,2,2
10028541,8,0,4,4,4
10030448,8,3,4,4,4
10033739,8,0,4,4,4
10038657,8,0,4,4,4
10040920,8,0,4,4,4
10041984,8,7,4,1,1
10045022,8,0,4,4,4
10045488,8,7,4,1,1
10047407,8,0,4,4,4
10048444,8,6,4,2,2
10050724,8,0,4,4,4
10051163,8,7,4,1,1
10054411,8,0,4,4,4
10056028,8,3,4,4,4
10059854,8,0,4,4,4
10061390,8,6,4,2,2
10065208,8,0,4,4,4
10066209,8,7,4,1,1
10069538,8,0,4,4,4
10072221,8,0,4,4,4
10074164,8,0,4,4,4
10075174,8,7,4,1,1
10077628,8,0,4,4,4
10079643,8,0,4,4,4
10080217,8,3,4,4,4
10083145,8,0,4,4,4
10084182,8,5,4,3,2
10086712,8,0,4,4,4
10088320,8,6,4,2,2
10091200,8,0,4,4,4
10091648,8,7,4,1,1
10093386,8,0,4,4,4
10096445,8,0,4,4,4
10096920,8,7,4,1,1
10099817,8,0,4,4,4
10102081,8,0,4,4,4
10105423,8,0,4,4,4
10106442,8,6,4,2,2
10108753,8,0,4,4,4
10109192,8,6,4,2,2
10111848,8,0,4,4,4
10113684,8,6,4,2,2
10118496,8,0,4,4,4
10120660,8,6,4,2,2
10123346,8,0,4,4,4
10123785,8,6,4,2,2
10128190,8,0,4,4,4
10128638,8,5,4,3,2
10132006,8,0,4,4,4
10132445,8,5,4,3,2
10137278,8,0,4,4,4
10140325,8,6,4,2,2
10144209,8,0,4,4,4
10146351,8,3,4,4,4
10156226,8,0,4,4,4
10158903,8,3,4,4,4
10166434,8,0,4,4,4
10169694,8,4,4,4,4
10174296,8,0,4,4,4
10180575,8,4,4,4,4
10187192,8,0,4,4,4
10193753,8,0,4,4,4
10216046,8,0,4,4,4
10217905,8,1,4,4,4
10237900,8,0,4,4,4
10252744,8,0,4,4,4
10260380,8,0,4,4,4
10261417,8,1,4,4,4
10265086,8,0,4,4,4
10266667,8,2,4,4,4
10274777,8,0,4,4,4
10276654,8,3,4,4,4
10293793,8,0,4,4,4
10298217,8,1,4,4,4
10304302,8,0,4,4,4
10305657,8,2,4,4,4
10315974,8,0,4,4,4
10318492,8,2,4,4,4
10330915,8,0,4,4,4
10335426,8,1,4,4,4
10347177,8,0,4,4,4
10348860,8,2,4,4,4
10355303,8,0,4,4,4
10356331,8,2,4,4,4
10358179,8,0,4,4,4
10359216,8,2,4,4,4
10375215,8,0,4,4,4
10380905,8,1,4,4,4
10389363,8,0,4,4,4
10391006,8,1,4,4,4
10395473,8,0,4,4,4
10395912,8,2,4,4,4
10412696,8,0,4,4,4
10420569,8,0,4,4,4
10428053,8,0,4,4,4
10430766,8,2,4,4,4
10445503,8,0,4,4,4
10449318,8,0,4,4,4
10455738,8,0,4,4,4
10456494,8,2,4,4,4
10465145,8,0,4,4,4
10469257,8,2,4,4,4
10477567,8,0,4,4,4
10478640,8,3,4,4,4
10487353,8,0,4,4,4
10489107,8,2,4,4,4
10496007,8,0,4,4,4
10498040,8,4,4,4,4
10508065,8,0,4,4,4
10509066,8,3,4,4,4
10516435,8,0,4,4,4
10517806,8,3,4,4,4
10529636,8,0,4,4,4
10532952,8,4,4,4,4
10545430,8,0,4,4,4
10545887,8,3,4,4,4
10555201,8,0,4,4,4
10555458,8,4,4,4,4
10572802,8,0,4,4,4
10573277,8,3,4,4,4
10577769,8,0,4,4,4
10580212,8,4,4,4,4
10586778,8,0,4,4,4
10596189,8,3,4,4,4
10610409,8,0,4,4,4
10613388,8,4,4,4,4
10616391,8,0,4,4,4
10617429,8,5,4,3,2
10619265,8,0,4,4,4
10620347,8,7,4,1,1
10622635,8,0,4,4,4
10623200,8,7,4,1,1
10629557,8,0,4,4,4
10634069,8,7,4,1,1
10641722,8,0,4,4,4
10643030,8,4,4,4,4
10646627,8,0,4,4,4
10647093,8,4,4,4,4
10656242,8,0,4,4,4
10657840,8,5,4,3,2
10661421,8,0,4,4,4
10661878,8,5,4,3,2
10664260,8,0,4,4,4
10664726,8,4,4,4,4
10667577,8,0,4,4,4
10668016,8,6,4,2,2
10678159,8,0,4,4,4
10679250,8,5,4,3,2
10684125,8,0,4,4,4
10686269,8,4,4,4,4
10692595,8,0,4,4,4
10694747,8,4,4,4,4
10696781,8,0,4,4,4
10698100,8,3,4,4,4
10703398,8,0,4,4,4
10704480,8,5,4,3,2
10707949,8,0,4,4,4
10709294,8,6,4,2,2
10720752,8,0,4,4,4
10721293,8,5,4,3,2
10725518,8,0,4,4,4
10726501,8,2,4,4,4
10732510,8,0,4,4,4
10736483,8,3,4,4,4
10744521,8,0,4,4,4
10759334,8,0,4,4,4
10769426,8,0,4,4,4
10775005,8,1,4,4,4
10792181,8,0,4,4,4
10797991,8,0,4,4,4
10812337,8,0,4,4,4
10822082,8,0,4,4,4
10846657,8,0,4,4,4
10848804,8,2,4,4,4
10878401,8,0,4,4,4
10900210,8,0,4,4,4
10910083,8,0,4,4,4
10912454,8,3,4,4,4
10922494,8,0,4,4,4
10931178,8,2,4,4,4
10954166,8,0,4,4,4
10960669,8,1,4,4,4
10981922,8,0,4,4,4
10982370,8,2,4,4,4
